Date,Open,High,Low,Close,Volume
2020.11.20,17902.3,18779.9,17677.7,18548.7,24878
2020.11.21,18534.9,18548.7,18534.9,18548.7,4
2020.11.22,18534.9,18534.9,18534.9,18534.9,2
2020.11.23,18550.1,18741.3,17961.1,18382.9,19479
2020.11.24,18380.2,19396.1,18032.2,18892,22547
2020.11.25,18897.5,19445.64,18601.1,18830,14881
2020.11.26,18830,18874.9,16179.4,17006.8,27649
2020.11.27,17006.8,17424,16394.8,16986.25,21641
2020.11.28,16974,16974,16974,16974,1
2020.11.29,16986.25,16986.25,16986.25,16986.25,1
2020.11.30,18235.92,19234.8,18037.3,19234.8,13932
2020.12.01,19299.46,19909.28,18080.16,19044.28,356767
2020.12.02,19079.78,19344.36,18331.87,19150.06,289640
2020.12.03,19189.06,19626.87,18868.04,19458.14,273737
2020.12.04,19299.9,19448.72,18660.51,18796.29,36426
2020.12.07,19234.81,19433.59,18900.18,19077.98,12860
2020.12.08,19079.98,19293.74,18594.51,18761.33,13390
2020.12.09,18778.31,18816.27,17718.48,18499.62,15806
2020.12.10,18502.62,18604.5,17911.27,18328.81,13811
2020.12.11,18329.81,18385.74,17605.6,18092.07,17115
2020.12.14,19173.88,19323.71,18983.09,19182.87,12490
2020.12.15,19176.87,19574.44,19045.02,19423.6,12429
2020.12.16,19424.6,21251.35,19292.75,21122.73,22227
2020.12.17,21198,23691,21089.77,22718.97,77683
2020.12.18,22779,23265,22334.4,22871.8,72870
2020.12.21,23327.3,24081,21885.89,23095.56,68031
2020.12.22,23130,23589,22319.41,23405.22,72564
2020.12.23,23429,24104.45,22808,23262.37,70132
2020.12.24,23286,23529,22618,23359.27,76934
2020.12.28,26348.97,27405.81,26037.32,26586.71,35697
2020.12.29,26570.99,27095.15,25826.55,26805.47,21484
2020.12.30,26884.99,28940.12,26805.47,28845.23,32611
2020.12.31,28886.99,29248.78,27542.66,28911.15,30411
2021.01.01,28912.15,29582.41,28680.41,29196.84,22144
2021.01.04,33494.11,33618.29,28504.6,30944.91,51294
2021.01.05,31027.99,34234.29,29863.11,33735.84,55757
2021.01.06,33735.84,36420.88,33294.33,35856.51,51290
2021.01.07,35923.99,40341.58,35711.66,39616.37,53336
2021.01.08,39734.99,41922.83,36519.78,39840.13,62289
2021.01.09,39979.97,41357.46,38665.42,40740.14,51537
2021.01.10,40742.13,41341.47,35226.21,38048.1,46062
2021.01.11,38048.1,38959.1,30609.3,34024.54,66634
2021.01.12,33964.99,36615.68,32486.23,34735.75,60052
2021.01.13,34711.99,37349.87,32408.32,37227.01,54828
2021.01.14,37279.99,39964,36639.66,38743.34,45961
2021.01.15,38748.99,39664.33,34470.05,36276.06,53542
2021.01.16,36237.1,37950.21,35519.89,35901.47,46768
2021.01.17,35901.47,36892.38,33839.74,36562.74,50746
2021.01.18,36562.74,37502.71,34811.67,36261.07,46025
2021.01.19,36226.99,37902.27,36081.27,36472.84,41124
2021.01.20,36470.99,36779.5,33322.31,34904.57,48890
2021.01.21,34906.99,35637.76,30989.88,31222.62,56411
2021.01.22,31205.99,33819.76,28967.1,33379.25,59197
2021.01.23,33346.28,33640.96,31414.41,32331.4,52655
2021.01.24,32331.4,33121.53,30984.88,31958.81,45785
2021.01.25,31955.81,34868.61,31744.47,32697,46484
2021.01.26,32698.99,32784.9,30849.03,31988.78,54381
2021.01.27,31993.99,32921.75,29258.78,31000.87,52597
2021.01.28,30997.99,33255.38,29893.09,33148.5,51185
2021.01.29,33238.99,38663.43,31967.8,34683.81,60566
2021.01.30,34606.89,35316.11,32798.89,34685.81,57530
2021.01.31,34685.81,34800.68,32200.54,32586.12,46383
2021.02.01,32575.13,34673.82,32305.43,33630.97,46904
2021.02.02,33654.99,36021.34,33471.15,35718.67,41911
2021.02.03,35669.99,37395.82,35440.97,37250.98,36165
2021.02.04,37272.99,38700.38,36188.15,37608.59,46103
2021.02.05,37673.99,38328.79,36550.75,37775.4,39674
2021.02.06,37774.4,40944.91,37623.57,40083.86,37828
2021.02.07,40077.87,40465.44,37321.9,38512.59,38651
2021.02.08,38508.6,44752.72,37961.2,44648.83,41381
2021.02.09,44664.99,48228.89,44259.26,47298.91,51976
2021.02.10,47305.99,47322.88,43730.84,44990.45,49924
2021.02.11,45028.99,48505.58,43906.65,46849.41,48064
2021.02.12,46913.99,48891.16,45900.45,47789.37,41814
2021.02.13,47851.31,48144.98,46204.11,47074.16,35083
2021.02.14,47069.16,49603.37,46830.42,48778.28,29702
2021.02.15,48783.28,49233.78,45679.69,48124,35127
2021.02.16,48190.99,50393.5,46999.24,48493.59,39668
2021.02.17,48568.99,52518.16,48426.67,52317.38,38605
2021.02.18,52380.99,52480.2,50830.02,51982.75,30404
2021.02.19,52019.99,56188.12,50706.16,55383.01,33412
2021.02.20,55502.88,57420.76,54983.45,56402.88,39430
2021.02.21,56402.88,58249.85,53940.6,57215.98,38513
2021.02.22,57220.98,57588.99,48198.91,54785.66,49671
2021.02.23,54790.66,54900.54,44947.5,47904.26,69277
2021.02.24,47909.26,51313.51,46888.38,48708.38,57117
2021.02.25,48713.38,52071.68,48024.13,48057.1,50054
2021.02.26,48062.1,48813.27,44001.56,45596.81,63079
2021.02.27,45636.77,48315.81,45014.45,46860.41,49553
2021.02.28,46859.41,46859.41,43148.5,45248.19,51207
2021.03.01,45253.19,49400.62,44875.61,48804.27,47705
2021.03.02,48809.27,50100.85,47126.12,47454.76,44012
2021.03.03,47459.76,52528.17,47410.81,50941.92,43748
2021.03.04,50946.92,51739.04,47570.63,47923.24,50994
2021.03.05,47928.24,49453.56,46385.94,49146.9,45947
2021.03.06,49080.97,49395.63,47127.12,48527.58,36277
2021.03.07,48540.56,51312.51,48462.65,50081.87,34726
2021.03.08,50086.87,51951.81,49334.69,51850.92,35337
2021.03.09,51855.92,54797.67,51473.34,54324.19,32951
2021.03.10,54327.19,57399.81,53116.52,56926.33,37283
2021.03.11,56931.33,57949.2,54361.15,57643.54,42277
2021.03.12,57648.54,58215.91,55142.29,56981.27,43158
2021.03.13,60283.63,61644.13,59994.95,61074.76,4536
2021.03.14,61075.76,61645.13,59230.79,60017.92,36604
2021.03.15,60022.92,60678.2,54525.97,56760.51,44565
2021.03.16,56752.99,56937.32,53326.29,56437.87,45885
2021.03.17,56398.91,58454.65,53999.55,58300.82,40933
2021.03.18,58467.99,60089.85,57001.25,57881.28,38863
2021.03.19,57894.99,59430.57,56236.09,58622.46,36295
2021.03.20,59160.87,59460.54,58025.12,58675.4,4190
2021.03.21,58674.4,58704.37,55335.08,58004.14,30264
2021.03.22,58137.99,58411.69,54117.42,54529.97,38231
2021.03.23,54567.99,55774.6,52833.84,54619.87,41512
2021.03.24,54619.87,57157.08,53161.48,53732.85,39325
2021.03.25,53748.99,53748.99,50341.58,52394.32,48765
2021.03.26,52446.99,54529.97,51263.57,54481.02,32911
2021.03.27,54486.02,56607.68,53970.58,56421.88,33277
2021.03.28,56421.88,56564.73,54759.72,54839.63,30790
2021.03.29,54843.62,58354.76,54801.67,57262.96,31048
2021.03.30,57263.96,59474.52,57092.15,58656.42,24345
2021.03.31,58631.45,59840.12,56807.46,58917.14,28133
2021.04.01,58932.12,59436.56,57911.24,58819.24,28062
2021.04.02,58816.25,60142.79,58310.8,58585.5,24257
2021.04.03,59224.8,59754.22,57740.43,57936.22,14818
2021.04.04,57931.22,58434.67,56457.85,57993.15,30924
2021.04.05,57993.15,59203.82,56810.46,58753.32,22052
2021.04.06,58765.3,59452.55,57360.85,58168.96,21932
2021.04.07,58168.96,58558.53,55513.88,56159.17,30892
2021.04.08,56159.17,58110.03,55677.7,57652.53,23591
2021.04.09,57652.53,58839.99,57461.74,58318.8,17407
2021.04.10,58315.8,61194.63,57856.31,58613.47,21518
2021.04.11,58608.48,60674.2,58505.59,59649.33,25750
2021.04.12,59649.33,61281.53,59411.6,60015.93,23652
2021.04.13,60014.93,63395.21,59781.99,63125.5,29753
2021.04.14,63120.51,64776.68,61302.51,62379.32,34386
2021.04.15,62379.32,63644.93,61951.8,63389.21,29201
2021.04.16,63391.21,63792.77,59961.99,61839.92,29932
2021.04.17,61849.91,62400.3,59616.37,60736.13,15312
2021.04.18,60732.14,60861,50548.35,56089.25,42428
2021.04.19,56095.24,57527.99,54216.31,56121.22,37410
2021.04.20,56117.22,57050.19,53356.26,56711.57,40883
2021.04.21,56707.57,57089.01,54260.27,54932.52,35013
2021.04.22,54932.52,55445.96,51452.36,51553.25,44126
2021.04.23,51562.24,52211.52,47528.68,50526.38,56576
2021.04.24,50512.39,51163.68,48818.26,50948.91,48424
2021.04.25,50951.91,51030.82,48042.11,48120.03,40833
2021.04.26,48154.99,54346.17,47085.17,53226.4,49414
2021.04.27,53226.4,55293.13,52670.02,55090.35,41517
2021.04.28,55098.34,56378.93,53877.69,54392.12,39184
2021.04.29,54387.13,55177.26,52339.38,52946.71,39240
2021.04.30,52949.71,57209.02,52786.89,56712.56,35328
2021.05.01,56720.56,58280.84,56625.66,57569.62,34108
2021.05.02,57570.62,57863.3,56008.34,56956.3,31926
2021.05.03,56969.28,58899.16,56204.13,56726.55,32254
2021.05.04,56720.56,57380.83,53282.34,54700.78,42500
2021.05.05,54696.78,57853.31,52921.74,56885.38,40926
2021.05.06,56866.4,58297.82,55247.18,55876.49,33790
2021.05.07,55875.49,58589.5,55259.17,57594.6,37914
2021.05.08,57600.59,59403.6,56757.52,58887.17,42106
2021.05.09,58889.17,59188.84,56213.11,57838.33,32465
2021.05.10,57845.32,59543.45,53809.76,55247.18,32256
2021.05.11,55226.21,56929.01,54123.42,56807.47,39341
2021.05.12,56807.47,57955.2,53499.1,54409.11,35472
2021.05.13,54419.1,54766.01,46575.73,49314.72,53774
2021.05.14,49313.72,51474.33,48454.66,49219.82,42498
2021.05.15,49884.08,50700.19,46960.3,48259.87,41602
2021.05.16,48258.87,49835.14,43992.57,44221.33,47456
2021.05.17,44178.37,46757.53,42110.64,44737.76,56908
2021.05.18,44736.76,45767.62,42417.31,43262.38,54663
2021.05.19,43268.37,43544.07,29651.36,38284.86,63821
2021.05.20,38285.86,42272.47,34967.51,40004.97,61234
2021.05.21,40002.97,42238.5,35249.21,35295.16,59419
2021.05.22,37366.87,38887.19,35352.09,38104.06,54474
2021.05.23,38107.05,38428.7,31200.64,33698.9,62555
2021.05.24,33709.88,39887.08,33667.93,38963.1,60163
2021.05.25,39023.03,39790.18,36464.85,37607.59,58775
2021.05.26,37604.6,40836.03,37429.79,38754.33,46808
2021.05.27,38754.33,40427.48,37185.05,38459.65,42973
2021.05.28,38456.66,39165.88,35105.34,35160.29,50695
2021.05.29,35625.77,37292.93,33588.01,34210.33,46192
2021.05.30,34211.33,36381.94,33335.29,36010.35,45668
2021.05.31,36006.36,37406.81,34127.42,36649.65,44723
2021.06.01,36651.64,37850.32,35642.75,36285.05,44648
2021.06.02,36289.04,38183.95,35898.47,37714.47,39211
2021.06.03,37711.48,39442.57,37153.09,38670.42,33350
2021.06.04,38671.42,39235.79,35551.85,37007.25,38167
2021.06.05,36815.46,37885.28,35246.19,35826.55,36664
2021.06.06,35814.56,36414.9,34795.68,35918.45,32433
2021.06.07,35910.46,36738.54,34004.55,34419.1,28090
2021.06.08,34422.1,34609.89,31045.81,33596.01,49325
2021.06.09,33594.01,36691.6,32438.28,36314.02,44292
2021.06.10,36310.02,38288.84,35781.6,36426.89,48016
2021.06.11,36433.88,37612.58,35901.47,37117.13,43523
2021.06.12,37294.93,37422.79,34596.9,35984.37,36940
2021.06.13,35986.37,39339.68,34767.71,39239.79,35767
2021.06.14,39220.82,40938.92,38651.44,39774.21,31267
2021.06.15,39777.2,41231.6,39418.59,39876.09,38247
2021.06.16,39872.1,40470.49,38219.91,38475.64,37196
2021.06.17,38477.63,39494.39,37350.87,37699.49,35377
2021.06.18,37713.48,38159.98,35105.34,35491.92,40024
2021.06.19,35808.57,36410.9,34797.68,36167.17,27048
2021.06.20,36168.17,36202.13,33391.23,35863.51,31835
2021.06.21,35871.5,35934.43,31790.99,32601.11,51402
2021.06.22,32600.11,33334.29,29219.82,32930.74,56813
2021.06.23,32929.74,34742.74,31761.02,33040.62,50810
2021.06.24,33040.62,35236.2,32311.42,34827.65,41219
2021.06.25,34827.65,35459.95,31439.38,32175.57,37516
2021.06.26,31552.25,32628.07,30177.77,31301.53,28035
2021.06.27,31302.53,33605.99,30938.93,32647.05,29358
2021.06.28,32642.06,35284.15,32416.99,34662.83,39281
2021.06.29,34670.83,36563.74,34118.43,36141.21,39917
2021.06.30,36141.21,36288.05,34024.69,34576.93,260398
2021.07.01,34577.93,35179.26,32689,33374.25,66951
2021.07.02,33371.26,33936.63,32669.03,33114.54,43232
2021.07.03,33108.55,34918.55,33084.57,34700.79,34476
2021.07.04,34701.79,35657.74,34271.27,35505.91,35928
2021.07.05,35504.91,35909.46,33099.56,33815.77,41338
2021.07.06,33816.77,35114.34,33528.08,33948.62,37417
2021.07.07,33948.62,35049.41,33630.97,34525.99,30462
2021.07.08,34522.99,34522.99,32041.72,32747.94,32103
2021.07.09,32748.94,33636.96,32220.52,33453.17,31922
2021.07.10,33461.16,34201.34,32989.68,33282.36,24191
2021.07.11,33281.36,34068.49,33237.4,33825.76,28484
2021.07.12,33823.76,34626.87,32575.13,32799.89,28353
2021.07.13,32792.89,33304.33,32165.58,32484.23,25553
2021.07.14,32484.23,33086.57,31569.24,32792.89,31375
2021.07.15,32792.89,33165.48,31135.72,31757.03,29343
2021.07.16,31755.04,32243.5,31019.85,31828.96,30313
2021.07.17,31824.96,31973.8,31185.66,31719.08,15946
2021.07.18,31723.07,32422.3,31096.76,31649.15,13416
2021.07.19,31646.16,31935.84,30476.45,30816.07,17782
2021.07.20,30817.07,31053.81,29302.74,29854.13,25382
2021.07.21,29855.13,32804.88,29500.52,31822.96,24947
2021.07.22,31809.98,32583.13,31702.1,32236.51,29044
2021.07.23,32232.51,32912.76,31994.77,32481.24,29003
2021.07.24,32481.24,34498.02,32451.27,33924.65,27652
2021.07.25,33923.65,34789.7,33823.76,34451.07,34638
2021.07.26,34449.07,40480.43,34425.1,37736.45,49357
2021.07.27,37718.47,38722.85,36386.94,37990.66,47069
2021.07.28,37992.66,40853.51,37932.72,39947.5,45699
2021.07.29,39923.53,40575.81,39235.29,39667.81,38181
2021.07.30,39674.8,41623.66,38314.3,40613.77,33385
2021.07.31,40628.75,42321.89,40611.77,41471.33,34281
2021.08.01,41467.34,42490.21,40596.3,41210.62,30860
2021.08.02,41208.62,41254.57,38680.41,38829.24,41327
2021.08.03,38829.24,39743.24,37630.56,38066.08,39892
2021.08.04,38070.08,39830.14,37484.72,39717.27,35999
2021.08.05,39720.26,41312.51,37288.94,40859.01,36776
2021.08.06,40861.01,43336.28,39863.11,42669.02,39925
2021.08.07,42669.02,44509.99,42388.32,43879.68,39611
2021.08.08,43883.68,45206.22,43259.37,43783.79,39802
2021.08.09,43783.79,46387.92,42750.92,45412.99,38420
2021.08.10,45422.98,46629.65,44594.89,45590.8,32553
2021.08.11,45590.8,46679.6,45200.23,46277.04,21182
2021.08.12,46276.04,46329.49,43769.8,44427.08,29132
2021.08.13,44418.09,47852.31,43860.7,47578.61,25145
2021.08.14,47578.61,48092.04,45906.45,46616.67,20006
2021.08.15,46612.67,47320.89,45470.93,46674.6,20304
2021.08.16,46684.59,48022.12,45645.74,46026.32,26821
2021.08.17,46024.32,47121.11,44401.11,44948.5,33729
2021.08.18,44929.53,45965.39,44224.3,44462.04,33061
2021.08.19,44464.04,46829.43,43956.6,46547.74,33141
2021.08.20,46551.74,49044.99,46326.99,48617.46,25337
2021.08.21,48611.47,49739.23,48199.92,48950.1,26082
2021.08.22,48959.09,49420.58,48033.11,48342.77,19651
2021.08.23,48341.77,50496.4,48234.89,49467.53,25273
2021.08.24,49469.53,49812.15,47729.44,48289.83,22375
2021.08.25,48294.82,49109.92,47098.14,48654.42,28438
2021.08.26,48650.43,49322.69,46266.05,46994.25,33222
2021.08.27,46996.25,49110.92,46319,48850.21,30152
2021.08.28,48865.19,49261.76,48338.77,48702.37,21274
2021.08.29,48703.37,49601.38,47714.46,48878.18,22292
2021.08.30,48879.18,49374.63,47371.84,48608.47,24974
2021.08.31,48607.48,48643.44,46680.6,46965.28,26242
2021.09.01,46963.29,49078.96,46555.74,48244.87,20564
2021.09.02,48242.88,50315.59,48238.88,49493.5,24794
2021.09.03,49498.49,51008.83,48285.83,50097.83,27034
2021.09.04,50098.83,50482.41,49353.65,50116.81,21981
2021.09.05,50117.81,51677.1,49434.56,51627.15,18682
2021.09.06,51625.15,52124.6,51000.84,51877.87,13832
2021.09.07,51877.87,52835.82,43179.45,46753.52,31132
2021.09.08,46753.52,47292.92,44439.07,46007.34,42795
2021.09.09,45957.39,47343.87,45509.89,46237.09,32795
2021.09.10,46214.11,46991.26,44742.73,45035.41,29085
2021.09.11,45034.41,45945.41,44229.3,45270.15,24735
2021.09.12,45270.15,46200.13,44735.74,45039.4,19929
2021.09.13,45026.42,46804.46,43438.17,45140.29,35038
2021.09.14,45142.29,46928.32,44661.82,46783.48,25472
2021.09.15,46780.49,48379.73,46369.94,47890.27,21021
2021.09.16,47891.26,48474.62,47018.23,47122.11,31542
2021.09.17,47104.13,48135.99,46726.55,46946.3,21603
2021.09.18,46936.32,48768.3,46763.51,47947.2,21256
2021.09.19,47949.2,48323.79,47042.2,47556.63,15331
2021.09.20,47557.63,47618.56,42414.62,43519.76,420564
2021.09.21,43490.1,43925.75,40067.48,40855.54,514614
2021.09.22,40861.04,44026.67,39522.92,43394.82,514324
2021.09.23,43397.2,44954.25,43007.85,44668.26,368523
2021.09.24,44677.26,45154.46,40642.54,42938.18,563956
2021.09.25,42947.7,43208.33,41640.75,42653.31,310742
2021.09.26,42633.04,43783.05,40696,43642.39,503469
2021.09.27,43614.96,44367.89,42585.34,42636.85,473202
2021.09.28,42664.01,43420.03,41110.69,41762.19,544521
2021.09.29,41737.03,42592.51,40734.11,41112.7,444120
2021.09.30,41112.2,44102.48,40934.09,43390.5,456529
2021.10.01,43390.5,48217.51,43262.03,48148.53,424539
2021.10.02,48129.53,48490.42,47442.87,47958.18,250466
2021.10.03,47957.18,49210.3,47096,48441.44,316291
2021.10.04,48441.44,49520.26,46901.76,48967.19,576216
2021.10.05,48932.11,51795.23,48521.11,51443.13,590166
2021.10.06,51429.9,55416.8,50404.01,54933.28,663495
2021.10.07,54933.78,55775.71,53320.68,54186.33,667744
2021.10.08,54118.4,56154.1,53590.91,53958.78,564969
2021.10.09,53959.28,55385.01,53666.08,54667.19,273617
2021.10.10,54602.87,56555.93,54079.4,55358.07,495495
2021.10.11,55368.03,57841.59,54342.16,57307.58,538020
2021.10.12,57307.58,57681.68,53664.8,55330.3,451178
2021.10.13,55321.3,57492.11,54255.5,56969.55,339996
2021.10.14,56913.32,58556.02,56716.83,57395.23,391707
2021.10.15,57373.82,62870.51,56850.77,62439.12,395802
2021.10.16,62458.22,62466.21,60107.57,61017.31,214066
2021.10.17,61012.31,61454.27,58839.35,59392.81,285566
2021.10.18,59315.68,62687.77,59228.78,61348.95,440426
2021.10.19,61290.5,64362.4,61094,64097.32,399876
2021.10.20,64017.5,67027.76,63494.17,65968.11,322194
2021.10.21,65985.13,66663.02,61857.35,62648.17,502754
2021.10.22,62583.08,63758.02,59939.57,60711.44,591373
2021.10.23,60678.94,61659.1,60161.35,61051.77,210392
2021.10.24,61052.77,61490.55,59461.66,61109.5,437561
2021.10.25,61068.75,63730.27,60635.86,62527.32,434775
2021.10.26,62527.32,63292.05,61747.75,62081.85,345870
2021.10.27,62004.72,62019.7,57939.84,58835.87,657125
2021.10.28,58844.37,62511.45,57682.9,61386.21,591030
2021.10.29,61308.48,62981.02,60131.84,62384.34,524157
2021.10.30,62303.39,62452.27,60682.17,61629.13,229810
2021.10.31,61629.13,62433.52,59961.77,61445.2,425623
2021.11.01,61452.2,62488.39,59361.6,60761.2,539749
2021.11.02,60759.2,64305.77,60599.97,63027.21,532851
2021.11.03,62973.6,63558.84,60226.15,63126.09,261393
2021.11.04,63126.09,63190.27,60662.43,61336.93,241200
2021.11.05,61324.43,62621.73,60756.65,61100.02,217727
2021.11.06,61101.52,61585.68,60027.9,61451.06,97238
2021.11.07,61453.06,63096.13,61314.27,62877.11,134941
2021.11.08,62789.85,66553.21,62775.64,66023.87,288753
2021.11.09,66057.26,68513.22,66050.26,67699.67,218559
2021.11.10,67634.52,69034.85,62794.01,64208.05,293157
2021.11.11,64161.34,65593.78,63778.76,65017.83,244529
2021.11.12,64963.46,65492.97,62284.23,64060.36,383607
2021.11.13,64060.36,64892.54,63329.26,64347,195457
2021.11.14,64289.2,65332.91,63571.87,64296.98,240721
2021.11.15,64220.28,66339.93,63347.89,63834.84,365613
2021.11.16,63758.79,64016.94,58556.78,60457.21,659037
2021.11.17,60357.53,61165.43,58365.07,60100.21,374505
2021.11.18,60045.88,60994.11,56592.13,57585.34,366966
2021.11.19,57568.84,58384.02,55597.35,57814.32,409825
2021.11.20,57801.35,59685.3,57385.8,59608.89,199460
2021.11.21,59579.39,60057.07,58518.37,59507.07,387407
2021.11.22,59481.5,59557.63,55607.64,56259.26,539106
2021.11.23,56207.1,57869.75,55313.05,57672.47,423935
2021.11.24,57672.47,57748.67,55855.68,57311.3,284244
2021.11.25,57255.95,59450.76,56836.62,58830.86,278016
2021.11.26,58812.36,59345.82,53496.19,53963.8,404478
2021.11.27,53949.59,55308.56,53508.42,54597.72,215062
2021.11.28,54567.91,56422.96,53286.77,56319.42,293354
2021.11.29,56273.03,58902.67,56003.3,58308.63,322347
2021.11.30,58234.87,59237.85,55901.59,57114.86,405036
2021.12.01,57081.14,59086.67,56446.62,56968.32,330520
2021.12.02,56951.28,57411.17,55800.61,56895.04,325444
2021.12.03,56816.43,57675.92,51514.01,53617.59,323459
2021.12.04,53604.59,53874.07,41373.68,48728.86,290418
2021.12.05,48696.37,49770.66,47807.38,49214.7,345225
2021.12.06,49163.86,50591.96,46872.01,50087.14,386708
2021.12.07,50065.87,51958.92,50065.87,50470.48,262905
2021.12.08,50465.43,51238.68,48619.59,50598.98,261470
2021.12.09,50574.31,50830.1,47320.06,47985.25,299427
2021.12.10,47962.18,50103.11,47236.54,47911.48,323452
2021.12.11,47897.25,49243.77,46743.22,48787.22,230081
2021.12.12,48773.29,50791.02,48655.65,49942.67,230546
2021.12.13,49916.03,50374.21,45667.1,46790.88,323714
2021.12.14,46785.38,48653.18,46270.63,48270.47,327378
2021.12.15,48248.87,49502.51,46540.42,49147.36,285496
2021.12.16,49148.88,49435.75,47649.93,48092.55,215790
2021.12.17,48092.55,48122.01,45418.98,46837.16,258093
2021.12.18,46824.43,47312.9,45497.36,46929.25,130629
2021.12.19,46913.34,48274.73,46409.73,46695.04,131726
2021.12.20,46694.58,47554.47,45492.42,46968.23,177947
2021.12.21,46937.31,49333.86,46642.68,49071.38,142440
2021.12.22,49041.99,49568.22,48384.86,49034.95,119043
2021.12.23,49023.01,51369.96,47957.11,50809.8,128759
2021.12.24,50811.3,51904.3,50410.23,50885.91,122770
2021.12.25,50825.03,51155.42,50138.12,50963.81,62910
2021.12.26,50925.92,51054.62,49370.57,50775.14,103230
2021.12.27,50784.07,52110.2,50448.61,50946.23,118719
2021.12.28,50946.23,51225.97,47293.72,47537.44,163368
2021.12.29,47525.66,48154.05,46566.46,47219.71,139960
2021.12.30,47185.04,47920.77,45852.92,47277.77,134536
2021.12.31,47229.99,48594.18,45634.01,46304.99,145484
2022.01.01,46291.02,47953.91,46108.17,47311.5,71458
2022.01.02,47273.94,48002.88,46639.08,46986.76,134266
2022.01.03,46960.29,47577.12,45667.52,45950.26,139854
2022.01.04,45934.41,47519.61,45514.14,46169.58,136267
2022.01.05,46167.16,47061.69,43350.66,43564.58,143433
2022.01.06,43548.04,43781.79,42394.47,43088.46,191007
2022.01.07,43069.56,43231.05,40593,41856.38,188383
2022.01.08,41853.38,42227.76,40493,41740.02,103492
2022.01.09,41739.02,42786.41,41174.05,42283.53,122925
2022.01.10,42247.46,42489.95,39633.02,41717.91,182642
2022.01.11,41717.88,43107.22,41248.5,42646.86,169074
2022.01.12,42628.04,44345.63,42454.18,43770.92,137244
2022.01.13,43771.92,44448.12,42301.29,42785.82,138462
2022.01.14,42797.32,43473.49,41759.99,43299.3,146442
2022.01.15,43248.36,43812.55,42998.97,43306.83,30001
2022.01.16,43263.35,43496.43,42597.96,42943.67,94491
2022.01.17,42943.67,43289.42,41593.19,41722.71,120913
2022.01.18,41688.08,42491.74,41258.7,42374.24,153024
2022.01.19,42345.36,42675.2,41123.97,41695.01,153775
2022.01.20,41677.09,43501.87,41278.38,41309.99,135832
2022.01.21,41305.99,41510.87,36105.72,36639.29,261592
2022.01.22,36624.79,37166.06,34405.91,35358.18,61418
2022.01.23,35385.02,36151.69,34590.05,35334.86,178191
2022.01.24,35334.86,37560.35,32899.59,36776.57,285156
2022.01.25,36810.45,37558.36,35694.72,36551.01,234674
2022.01.26,36550.51,38915.67,36309.49,36320.99,219620
2022.01.27,36316.99,37209.47,35491.73,36179.73,209393
2022.01.28,36180.23,38012.6,35900,37773.86,207594
2022.01.29,37781.38,38663.63,37325.51,38365.84,62102
2022.01.30,38355.51,38404.01,37329.51,37718.01,93122
2022.01.31,37737.01,38757.4,36631.08,38414.26,154344
2022.02.01,38426.5,39284.92,37980.75,38807.76,159406
2022.02.02,38805.26,38908.29,36571.26,36923.26,150520
2022.02.03,36924.01,37238.92,36259.89,36953.01,156805
2022.02.04,36957.76,40911.61,36793.47,40625.51,156019
2022.02.05,40624.5,41952.49,40379.94,41662.5,62979
2022.02.06,41663,42204.76,41116.4,41657.67,79713
2022.02.07,41674.51,44552.2,41483.43,44081.71,159969
2022.02.08,44091.96,45510.62,42686.72,44203.15,163187
2022.02.09,44223.5,44846.09,43129.01,44461.76,125821
2022.02.10,44478.5,45833.21,43182.01,43741.09,171559
2022.02.11,43765.51,44077.02,42037.76,42542.76,175213
2022.02.12,42544.51,43039.47,41733.15,41875.51,113506
2022.02.13,41874,42765.82,41842.5,42192.76,94992
2022.02.14,42235.5,42855.52,41537.76,42223.58,147768
2022.02.15,42229.51,44529.02,42227.5,43978.83,132400
2022.02.16,43972.83,44779.68,43315.01,44087.15,131835
2022.02.17,44091.58,44204.03,40056.52,40674.69,164015
2022.02.18,40682.5,40982.36,39422.76,39958.34,155524
2022.02.19,39954.84,40466.89,39653.5,39917.99,58037
2022.02.20,39941.5,40148.3,37949.1,38237.51,106402
2022.02.21,38263.51,39495.76,37004,37026.76,198972
2022.02.22,37078.51,38299.74,36335.5,37871.01,222224
2022.02.23,37874.01,39253.27,37385.02,37510.35,151963
2022.02.24,37535.5,39816.76,34313.62,38398.51,274920
2022.02.25,38393.26,39692.48,37754.76,38979.5,194298
2022.02.26,38985.01,40287.76,38567.71,39434.76,114324
2022.02.27,39427.76,39866.01,36980.11,37408.51,148779
2022.02.28,37417.05,41956.17,37322.01,41623.6,208540
2022.03.01,41635.5,44979.83,41635.5,43878.51,199757
2022.03.02,43892.5,45295.01,43324.17,44058.51,182517
2022.03.03,44054.26,44342.88,41806.74,42092.51,148872
2022.03.04,42113.51,42689.57,39050.76,39365.12,184187
2022.03.05,39392.5,39602.51,38535.26,39341.52,78610
2022.03.06,39352.5,39683,38080.6,38988.76,111532
2022.03.07,39026.51,39538.93,37146.71,37801.96,185732
2022.03.08,37803.96,39369.04,37771,38466.51,205304
2022.03.09,38475.68,42581.73,38474.26,41870.01,153917
2022.03.10,41874.05,42140.45,38523.26,39306.91,176519
2022.03.11,39328.5,40253.51,38217.95,38826.51,159210
2022.03.12,38841.5,39444.32,38641.79,39077.44,70770
2022.03.13,39080.5,39297.01,38340.53,38712.61,69681
2022.03.14,38713.11,39297.55,37519.42,38701.93,140860
2022.03.15,38699.93,39906.01,38094.76,39641.26,142386
2022.03.16,39639.26,41695.01,38813.76,41096.05,178549
2022.03.17,41097.55,41483.89,40493.72,40987.51,106037
2022.03.18,40986.01,42337.02,40145.71,41799.77,121736
2022.03.19,41799.77,42385.87,41503.6,42141.9,52604
2022.03.20,42141.9,42312.93,40909.52,41363.19,85129
2022.03.21,41357.76,41554.75,40476.76,41300.78,114978
2022.03.22,41300.78,43366.76,40864.27,42837.26,125531
2022.03.23,42850.51,42852.36,41726.08,42378.03,106291
2022.03.24,42385.03,44237.53,42324.51,44031.76,119208
2022.03.25,44032.26,45128.7,43566.51,44533.34,139209
2022.03.26,44533.15,44798.52,44075.57,44451.2,49444
2022.03.27,44451.7,46632.51,44371.3,46111.76,67951
2022.03.28,46051.5,48225.21,45835.21,47956.76,125314
2022.03.29,47957.01,48147.24,46887.01,47479.76,115081
2022.03.30,47477.01,47713.05,46503.42,47281.51,109721
2022.03.31,47281.49,47617.64,45486.57,45751.96,130947
2022.04.01,45747.51,46726.92,44204.36,46154.01,150563
2022.04.02,46153.76,47201.15,45594.18,46159.51,83261
2022.04.03,46160.5,46778.02,45531.52,46360.76,88166
2022.04.04,46335.5,47440.76,45105.25,46305.63,150216
2022.04.05,46284.51,47195.13,45459.46,45878.42,117167
2022.04.06,45878.26,46050.79,43176.48,43863.4,158549
2022.04.07,43876.5,44015.76,42704.42,43562.89,148975
2022.04.08,43547.01,43982.38,42397.01,42793.9,155090
2022.04.09,42793.9,42831.5,42099.04,42427.66,96650
2022.04.10,42426.5,43429.74,42395.01,43083.76,79471
2022.04.11,43080.01,43191.54,39456.01,39815.8,189180
2022.04.12,39835.5,40698.69,39174.01,39506.01,173108
2022.04.13,39501.76,41557.72,39474.49,41224.01,146305
2022.04.14,41226.51,41498.76,39533.78,39896.34,170678
2022.04.15,39895.5,40827.47,39757.17,40381.66,80815
2022.04.16,40401.5,40700.75,39994.51,40289.5,40570
2022.04.17,40290,40676.51,39797.51,40250.26,68032
2022.04.18,40254.5,41022.11,38527.22,40665.31,149915
2022.04.19,40669.5,41756.9,40571.87,41268.67,136866
2022.04.20,41290.5,42202.95,40851.76,41417.54,117850
2022.04.21,41417.54,42986.21,40515.32,40582.89,156922
2022.04.22,40587.14,40835.4,39140.19,39594.76,156662
2022.04.23,39609.01,39969.79,39267.21,39800,67955
2022.04.24,39801.5,39941.05,38901.01,39492.71,84744
2022.04.25,39501.5,40381.51,38169.51,40172.26,176253
2022.04.26,40177.5,40803.36,37676.76,38100.61,175302
2022.04.27,38102.95,39460.52,37672.26,39081.21,153481
2022.04.28,39104.5,40384,38863.55,39862.66,167191
2022.04.29,39862.69,39983.51,38149.23,38530.5,163420
2022.04.30,38553.01,38789.84,38186.5,38335,83986
2022.05.01,38337.51,38699.71,37365.24,38292.77,101796
2022.05.02,38327.5,39159.21,38032.07,38297.01,204247
2022.05.03,38297.01,38905.42,37491.31,37760.45,144000
2022.05.04,37756.45,40022,37607.54,39783.1,169114
2022.05.05,39798.5,39875.98,35574,36415.33,170597
2022.05.06,36450.5,36650.38,35223.01,36047.26,204242
2022.05.07,36041.86,36138.51,35691.43,35778.5,57712
2022.05.08,35780.5,35812.5,33641.76,34200.03,169767
2022.05.09,34234.5,34455.5,30294,30931.26,253187
2022.05.10,30931.51,32633.76,29704.79,30976.73,278676
2022.05.11,30976.73,32134.83,28099.31,28377.26,320370
2022.05.12,28379.51,30074.76,25276.76,28509.69,369806
2022.05.13,28630.01,30978.06,27918.76,29730.2,259966
2022.05.14,29730.48,30065.99,28543.74,29312.79,90506
2022.05.15,29364.5,31095.26,29314.59,30998.43,141954
2022.05.16,31036.5,31391.76,29024.7,29882.48,193785
2022.05.17,29881.2,30735.75,29379.07,30054.56,168456
2022.05.18,30069.5,30675.08,28690.05,29190.58,190492
2022.05.19,29185.51,30505.53,28592.56,30223.21,171902
2022.05.20,30221.71,30723.5,28688.11,29094.42,169106
2022.05.21,29094.42,29617.51,28888.99,29370.26,81944
2022.05.22,29381.5,30280.6,29206.93,29886.96,91385
2022.05.23,29899.5,30634.87,28998.33,29289.14,164094
2022.05.24,29307,29596.75,28608.19,29419.72,156567
2022.05.25,29417.44,30189.76,29289.25,29747.45,146972
2022.05.26,29743.5,29844.38,27953.01,29413.69,163288
2022.05.27,29427.5,29642.95,28234.68,28702.32,180579
2022.05.28,28714,29243.5,28479.4,28983.08,56595
2022.05.29,28997.5,29443.78,28801.6,29144.12,89031
2022.05.30,29144.12,31384.71,29115.12,31235.33,121643
2022.05.31,31235.83,32363.88,31190.83,31783.69,127247
2022.06.01,31786.34,31950.28,29321.25,29604.62,123327
2022.06.02,29607.76,30378.96,29488.93,30218.98,117583
2022.06.03,30218.99,30667.79,29254.8,29634.65,128337
2022.06.04,29634.58,29951.62,29462.27,29731.64,114971
2022.06.05,29731.75,30151.67,29512.92,29921.96,111863
2022.06.06,29921.95,31738.44,29791.69,31436.06,134105
2022.06.07,31432.8,31571.2,29192.13,31325.88,129903
2022.06.08,31320.42,31509.64,29822.84,30176.18,137895
2022.06.09,30176.19,30673.33,29915.53,30159.9,114862
2022.06.10,30159.9,30336.52,28820.41,29168.06,122999
2022.06.11,29166.09,29405.4,28076.02,28367.68,118424
2022.06.12,28367.94,28644.43,26859.48,27328.49,116908
2022.06.13,27328.49,27480.83,22577.56,23194.71,167897
2022.06.14,23194.72,23329.69,20803.79,21948.6,168604
2022.06.15,21948.61,22341.18,20058.09,21629.78,166939
2022.06.16,21632.14,22938.89,20466,20644.02,165546
2022.06.17,20648.28,21311.45,20193.71,20615.95,160809
2022.06.18,20618.19,20735.6,17585.06,17782.51,147996
2022.06.19,17773.25,20673.98,17735.13,20603.39,163784
2022.06.20,20611.12,21029.83,19611.23,20412.48,162377
2022.06.21,20415.07,21685.52,20230.39,20829.27,154798
2022.06.22,20829.55,21012.96,19741.47,19844.93,152151
2022.06.23,19844.91,21080.12,19802.12,20788.2,142789
2022.06.24,20788.24,21416.41,20647.78,21171.59,143745
2022.06.25,21171.62,21568.51,20890.25,21203.86,130116
2022.06.26,21203.86,21856.27,21113.07,21380.32,119370
2022.06.27,21380.32,21507.51,20494.23,20887.6,129781
2022.06.28,20887.58,21180.35,20168.62,20245.24,126882
2022.06.29,20243.28,20422.94,19825.2,20185.37,130471
2022.06.30,20188.91,20321.78,18611.11,18722.33,135300
2022.07.01,18722.34,20871.7,18690.48,19396.52,146593
2022.07.02,19396.52,19483.97,18954.53,19229.66,122441
2022.07.03,19229.67,19614.93,18725.54,19411.62,107520
2022.07.04,19410.86,20067.63,19028.08,19747.72,117165
2022.07.05,19747.7,20711.51,19269.7,20434.18,134688
2022.07.06,20432.64,20468.59,19741.37,20370.73,140311
2022.07.07,20370.73,21832.69,20233.15,21604.02,122390
2022.07.08,21604.03,22455.79,21168.63,21837.39,142142
2022.07.09,21837.39,21994.38,21304.91,21661.66,155506
2022.07.10,21661.66,21728.5,20632.2,20962.72,153666
2022.07.11,20963.15,21156.3,20251.18,20399.29,155304
2022.07.12,20399.32,20405.38,19256.59,19432.18,155508
2022.07.13,19432.22,20065.89,18891.31,19648.52,153642
2022.07.14,19648.51,20868.09,19606.37,20659.04,158942
2022.07.15,20659.56,21175.89,20362.68,20919.3,156029
2022.07.16,20919.32,21567.73,20468.57,21195.33,140501
2022.07.17,21195.3,21652.57,20817.43,20921.7,143988
2022.07.18,20921.71,22749.72,20743.82,21475.9,159899
2022.07.19,21475.92,23673.45,21436.26,23293.79,167536
2022.07.20,23293.79,24263.98,22905.07,23245.91,166637
2022.07.21,23248.51,23782.34,22335.13,23111.98,163925
2022.07.22,23112,23746.21,22500.42,22595.05,161536
2022.07.23,22595.06,22989.74,21941.59,22316.89,152498
2022.07.24,22316.89,22897.73,22215.2,22709.86,151348
2022.07.25,22709.86,23001.55,21554.21,22159.37,157086
2022.07.26,22159.32,22174.51,20715.65,20971.78,153681
2022.07.27,20971.75,23101.61,20816.7,22776.21,150458
2022.07.28,22776.82,24187.98,22580.42,24019.47,159084
2022.07.29,24019.47,24432.56,23434.47,23939.89,158660
2022.07.30,23940.58,24659.96,23644.56,23957.85,144325
2022.07.31,23957.82,24187.63,23390.74,23797.14,138758
2022.08.01,23797.14,23820.36,22850.1,23115.32,150416
2022.08.02,23118.95,23442.41,22655.71,23022.62,153179
2022.08.03,23023.88,23627.84,22684.3,23312.66,148042
2022.08.04,23312.74,23358.96,22393.23,22503.28,144559
2022.08.05,22503.29,23460.14,22439.24,22976.5,141541
2022.08.06,22976.5,23352.56,22975.29,23167.48,115352
2022.08.07,23167.48,23285.78,22841.99,23259.98,103393
2022.08.08,23259.99,24237.07,23056.82,24062.59,135903
2022.08.09,24062.58,24062.6,22864.25,23135.69,129289
2022.08.10,23135.69,24183.83,22656.35,23898.93,130152
2022.08.11,23895.82,24902.49,23776.69,24227.55,173829
2022.08.12,24228,24315.3,23585.25,24227.14,171027
2022.08.13,24227.64,24885.25,24046.25,24477.41,120278
2022.08.14,24451,25028.96,24145.89,24303.7,144989
2022.08.15,24280.5,25208.47,23870.74,24072.94,199996
2022.08.16,24072.94,24242,23655.75,23971.88,271267
2022.08.17,23971.88,24437.25,23168.21,23420,261102
2022.08.18,23419.75,23587.5,23221.54,23398.07,279711
2022.08.19,23398.07,23418.75,21135.6,21254.01,357198
2022.08.20,21254.51,21359.5,20775.04,20794.48,207619
2022.08.21,20795,21773.46,20744.5,21444.28,238648
2022.08.22,21445.78,21697.83,20882.37,21110.69,220698
2022.08.23,21110.69,21675,20882.25,21451.88,213957
2022.08.24,21469.04,21893.45,21141.5,21680.75,202960
2022.08.25,21682.25,21804,21297.75,21636.58,194815
2022.08.26,21635.08,21868.53,20525.77,20627.29,188254
2022.08.27,20627.29,20713.5,19793.38,19997.61,130144
2022.08.28,19998.42,20151.66,19796.75,19969.47,123779
2022.08.29,19962.47,20412.75,19505.82,20159.17,210290
2022.08.30,20165.51,20567,19528.28,19950.94,229540
2022.08.31,19950.94,20483.53,19739.25,20168.82,252282
2022.09.01,20174.48,20281.34,19547.25,20059.48,323382
2022.09.02,20059.98,20433,19746.25,19951.6,297895
2022.09.03,19957.68,20046.75,19637.88,19726.18,136018
2022.09.04,19712.5,19945.75,19576.25,19888.51,201542
2022.09.05,19877.5,20054.4,19626,19720.71,148797
2022.09.06,19722.62,20174.38,18646.53,18964.06,316118
2022.09.07,18967.75,19445.5,18518.76,19369.61,172365
2022.09.08,19358.61,19458,19005.25,19369.75,241036
2022.09.09,19352.5,21430.44,19244.5,21292.29,243592
2022.09.10,21292.29,21671.2,21114.5,21415.88,181557
2022.09.11,21405.5,21865.25,21346.69,21622.5,241374
2022.09.12,21624.5,22482.37,21440.25,22393.8,208467
2022.09.13,22390.8,22780.87,20035.56,20225.36,374313
2022.09.14,20225.36,20514.55,19600.54,19927.52,326595
2022.09.15,19927.52,20391.66,19475.55,19836.24,354883
2022.09.16,19837.74,19886.99,19316.95,19738.72,333086
2022.09.17,19738.72,20176.54,19685.5,20058.23,178317
2022.09.18,20061.5,20134.5,19548.95,19696.18,245241
2022.09.19,19696.18,19701.5,18248.87,19510.24,343303
2022.09.20,19511.74,19677.5,18704.81,18963,321528
2022.09.21,18963.75,19905,18671,18899.18,321335
2022.09.22,18899.18,19487.25,18127.39,19233.31,372146
2022.09.23,19223.31,19511.12,18518.06,18827.16,347023
2022.09.24,18842.16,19395,18780.38,19125.75,191648
2022.09.25,19118.25,19174.25,18798.59,18898.79,216398
2022.09.26,18887.79,19304.5,18614.75,19100.76,278440
2022.09.27,19100.76,20372.09,18808.25,19060.37,386455
2022.09.28,19060.47,19650.03,18452.87,19557.81,329747
2022.09.29,19558.31,19762.98,18835.06,19501.75,322620
2022.09.30,19507.25,20174.75,19132.25,19411.39,234232
2022.10.01,19411.39,19459.5,19151.01,19241.25,81692
2022.10.02,19231,19387.25,19026.46,19211.55,131104
2022.10.03,19223.75,19643,18910.98,19581.51,283984
2022.10.04,19575.31,20451.05,19487,20329.73,296709
2022.10.05,20326.23,20400.75,19732.75,19971.74,255053
2022.10.06,19971.74,20439,19865.75,20042.25,324305
2022.10.07,20037.29,20059.25,19310.83,19532.45,227820
2022.10.08,19532.45,19616.24,19408,19439.08,91260
2022.10.09,19449.08,19551.25,19209.75,19475.15,105749
2022.10.10,19466.65,19522,19082.17,19231,266732
2022.10.11,19224.58,19261.5,18843.73,19010.75,222282
2022.10.12,19014.56,19192.5,18962.89,19157.75,191941
2022.10.13,19157.8,19499.22,18143.75,19378.5,134239
2022.10.14,19376.62,19938.79,19104.11,19162.85,169052
2022.10.15,19157.11,19214.25,19033.5,19083.79,70649
2022.10.16,19071.5,19422.16,18961.75,19325.04,114381
2022.10.17,19329.04,19677,19098.19,19524.63,181907
2022.10.18,19521.13,19703.5,19088,19366.77,182447
2022.10.19,19363.77,19375.75,19065.5,19191.74,185409
2022.10.20,19199.24,19341.75,18888.56,19033.1,215029
2022.10.21,19033,19251.5,18658.18,19178.5,148764
2022.10.22,19178,19256.51,19097.8,19219.13,59169
2022.10.23,19216,19523,19069.5,19498.85,78612
2022.10.24,19494.75,19699.25,19155.25,19382.5,171190
2022.10.25,19384.75,20421.25,19236.5,20187.75,191289
2022.10.26,20187.5,21022.44,19997,20750.75,213548
2022.10.27,20751,20913,20246.4,20399.3,180494
2022.10.28,20400,20757.9,19989.5,20628.96,184970
2022.10.29,20624.99,21073.51,20558.08,20851.25,105244
2022.10.30,20855.01,20938,20557.75,20687.18,107395
2022.10.31,20687.68,20836.75,20232.5,20400.25,190491
2022.11.01,20400.25,20688.5,20317.75,20447.5,139104
2022.11.02,20449.84,20807.71,20052.49,20147,155162
2022.11.03,20147.25,20388,20031.25,20256.5,142519
2022.11.04,20257.75,21301.78,20158.12,21156.8,152028
2022.11.05,21156.65,21477.25,21080.5,21328.72,108762
2022.11.06,21329.72,21366.1,21113.75,21119.9,140435
2022.11.07,21119.92,21183.67,20592,20679.46,160749
2022.11.08,20679.46,20681.5,16936.61,18676.33,326937
2022.11.09,18719.01,18742.5,15580,15690,356926
2022.11.10,15692.25,18121.75,15533.58,17724.5,471511
2022.11.11,17804.5,17809,16322.68,16741,429299
2022.11.12,16754.25,17076.77,16587.27,16812.5,218445
2022.11.13,16813,16927.33,16208.32,16355.27,178572
2022.11.14,16351.27,17156.81,15783.54,16366.87,272489
2022.11.15,16364.87,17096.68,16316.88,16885.75,458888
2022.11.16,16882,16986.65,16354.7,16533.72,341911
2022.11.17,16528.1,16743.87,16397.57,16676.12,294793
2022.11.18,16664.51,16981.84,16532.36,16634.02,203248
2022.11.19,16634.12,16705,16533,16663.88,98315
2022.11.20,16654.5,16799.07,16186.77,16254.17,223457
2022.11.21,16254.38,16331.31,15443.42,15633.58,277401
2022.11.22,15633.43,16292.02,15592.51,16101.2,390637
2022.11.23,16100.45,16684.25,16085,16468.37,358669
2022.11.24,16464.51,16793.25,16436.38,16538.75,166255
2022.11.25,16539.5,16620.75,16328.75,16486.78,133432
2022.11.26,16485.5,16685.75,16411.75,16507,79989
2022.11.27,16497.5,16584.5,16370.88,16563.03,78448
2022.11.28,16575.5,16585.25,15994.5,16191.21,139030
2022.11.29,16187.5,16537.25,16093.5,16451.46,145711
2022.11.30,16444.81,17147,16415.25,17104.44,208616
2022.12.01,17101.51,17293.91,16862.28,16925.8,148413
2022.12.02,16925.3,17102.75,16776.15,17013,118072
2022.12.03,17012.92,17152.35,16886.5,16942.27,93310
2022.12.04,16942.28,17155.25,16863.52,17111.69,115468
2022.12.05,17108.5,17430.67,16863.25,16971.05,199648
2022.12.06,16967,17098.75,16908,16988.55,145235
2022.12.07,16988.29,17136.75,16683.25,16827.84,177789
2022.12.08,16827.54,17302.25,16728.2,17186.48,154013
2022.12.09,17185.73,17345,17049.22,17110.22,122717
2022.12.10,17103,17219.01,17100.5,17122.43,31945
2022.12.11,17116.5,17268.25,17089.25,17114.81,53134
2022.12.12,17113.31,17211,16876.61,17162.88,96490
2022.12.13,17168.5,17983.5,17074.75,17752.09,176993
2022.12.14,17751.6,18369.96,17663.28,17821.35,211432
2022.12.15,17821.59,17865.63,17307.5,17385.07,174745
2022.12.16,17384.51,17528.25,16728.64,16820.77,195788
2022.12.17,16820.51,16840.74,16517.81,16712.6,161445
2022.12.18,16713.04,16796.19,16657.5,16740.64,162314
2022.12.19,16740.65,16837.69,16485.04,16572.57,173982
2022.12.20,16564.5,17050.25,16239.25,16867.78,190248
2022.12.21,16867.78,16918.5,16720.66,16778.67,250750
2022.12.22,16778.88,16859.45,16548,16784.39,238256
2022.12.23,16784.4,16926.41,16722.4,16796.75,151786
2022.12.24,16809.5,16809.5,16809.5,16809.5,1
2022.12.27,16826.5,16963.25,16576.75,16678.56,177585
2022.12.28,16678.45,16764.75,16447.25,16507.31,122791
2022.12.29,16514.5,16644.25,16455.75,16583.37,153341
2022.12.30,16587.5,16654.75,16320.46,16572.51,136279
2022.12.31,16572.45,16572.45,16572.44,16572.44,2
2023.01.02,16589.97,16780,16537,16737.75,68160
2023.01.03,16739.84,16761.75,16589.54,16653.21,102142
2023.01.04,16653.51,16980.63,16631.59,16808.88,196870
2023.01.05,16808.91,16870.25,16741,16833.09,128570
2023.01.06,16831.5,17024.75,16655.5,16919.75,143096
2023.01.07,16920.18,16979.11,16892.14,16927.46,31569
2023.01.08,16927.45,17010.25,16904.23,16950.53,64629
2023.01.09,16945.5,17393.75,16937.49,17168.42,146637
2023.01.10,17170.92,17487.25,17120,17459.97,138959
2023.01.11,17460.17,17577.92,17306.25,17550.82,177306
2023.01.12,17542.5,19114.79,17509.67,18812.93,245192
2023.01.13,18817.93,19902.12,18707.75,19794.18,153994
2023.01.14,19784.51,21395.5,19726.59,20890.96,207448
2023.01.15,20886,21069,20553.77,20895.59,171529
2023.01.16,20881.5,21456,20602.91,21115.53,178498
2023.01.17,21123.5,21620.53,20837.51,21307.41,160776
2023.01.18,21292.51,21645.62,20387.24,20758.64,169958
2023.01.19,20761.5,21182.25,20614.5,20915.3,155209
2023.01.20,20909.5,22439.42,20855.04,22304.39,183065
2023.01.21,22304.39,23360.4,22289.5,23170.87,172989
2023.01.22,23166.75,23189.58,22300.59,22571.2,216030
2023.01.23,22570.7,23171,22491,22984.27,162179
2023.01.24,22987.27,23160,22686,22891.25,140629
2023.01.25,22887.75,23714.97,22318.44,23573.75,174986
2023.01.26,23567.5,23807.62,22805.78,23066.18,176004
2023.01.27,23066.18,23504.76,22521.8,23074.65,154895
2023.01.28,23074.65,23188.25,22855.51,22987.81,87499
2023.01.29,22977.5,23958.25,22955.98,23775.51,189963
2023.01.30,23775.51,23875.75,22539.95,22735.2,185575
2023.01.31,22732.2,23215,22473.85,22931.22,156882
2023.02.01,22935.22,23791.12,22749.58,23673.58,153528
2023.02.02,23653.5,24248.73,23380.25,23421,180327
2023.02.03,23406.75,23711.25,23199.25,23375,159845
2023.02.04,23356.51,23556.01,23249.5,23406.83,45700
2023.02.05,23383.5,23444.75,22747.63,22894.21,82959
2023.02.06,22868.5,23144.87,22627.51,22911.72,120145
2023.02.07,22884.51,23338.8,22631.92,23187.5,145711
2023.02.08,23177.5,23439.63,22663.75,22943.01,145119
2023.02.09,22935.5,23006.75,21674.75,21838.84,173599
2023.02.10,21841.84,21947.96,21453.99,21529.39,152326
2023.02.11,21518.5,21837.54,21500.48,21816.78,89449
2023.02.12,21801.5,22082.21,21696.04,21722.75,87893
2023.02.13,21723.75,21892,21355.25,21619.11,188020
2023.02.14,21583.5,22323.5,21525.5,22243.75,182218
2023.02.15,22222.5,24331.37,22041.42,24168.74,161212
2023.02.16,24155.01,25244.65,24114.09,24521.14,213376
2023.02.17,24506.5,25022.18,23328.15,24480.41,233261
2023.02.18,24480.41,24871.44,24051.93,24609.13,102273
2023.02.19,24593.01,25182,24253.06,24534.35,175350
2023.02.20,24534.35,25112.71,23825.6,24761.37,325336
2023.02.21,24734.5,25258.69,24140.03,24179.69,220456
2023.02.22,24186.69,24475.25,23568,23794.57,366117
2023.02.23,23794.57,24593.5,23603.71,23856.16,331207
2023.02.24,23859.66,24124.48,22823.99,23082.65,283370
2023.02.25,23084.65,23209.75,22736.28,22927.33,133494
2023.02.26,22929.51,23679.97,22899.83,23546.89,221941
2023.02.27,23533.5,23888.5,23110.72,23372.7,293925
2023.02.28,23362.5,23587,23014.25,23131.41,262972
2023.03.01,23136.5,23990,23015.25,23545.54,257819
2023.03.02,23541.5,23790.25,23181.75,23400.11,265526
2023.03.03,23403.5,23543.96,21959.9,22227.66,187517
2023.03.04,22227.66,22402.25,22150,22206.11,68432
2023.03.05,22187.5,22649.75,22177.2,22471.81,106796
2023.03.06,22465.51,22592.75,22249.98,22395.26,116639
2023.03.07,22381.5,22544.25,21918.06,22041,157649
2023.03.08,22038.51,22271.25,21821.91,21991.25,197228
2023.03.09,21996.5,21999.5,20014.47,20208.96,206625
2023.03.10,20203.96,20481.5,19535.12,20079.34,178900
2023.03.11,20084.51,20865.5,19862.09,20497.87,152915
2023.03.12,20397.5,21563.55,20386.5,21262.63,137893
2023.03.13,21262.68,24497.51,21086.08,24088.28,149975
2023.03.14,24088.27,26469.06,23927.12,24538.08,151624
2023.03.15,24538.09,25188.22,23889.3,24420.82,149291
2023.03.16,24418.47,25157.53,24113.45,24890.84,140344
2023.03.17,24890.88,27223.27,24813.53,27081.38,150867
2023.03.18,27081.34,27745.63,26547.99,27178.02,135600
2023.03.19,27177.96,28372.16,26785.5,27953.89,128274
2023.03.20,27953.89,28461.1,27113.76,27971.68,150575
2023.03.21,27971.98,28444.47,27280.42,27980.38,143798
2023.03.22,27980.38,28856.85,26581.23,27064.8,110883
2023.03.23,27063.76,28755.94,26947.45,28149.47,97555
2023.03.24,28149.48,28421.97,26950.55,27303.88,104829
2023.03.25,27303.17,27772.62,27124.01,27381.12,77650
2023.03.26,27380.44,28168.41,27361.29,27748.57,61037
2023.03.27,27749.22,28117.85,26474.37,27008.5,89014
2023.03.28,27009.33,27483.37,26598.17,27279.87,91698
2023.03.29,27283.95,28628.42,27071.12,28363.9,97954
2023.03.30,28363.9,29162.94,27661.46,28117.27,100143
2023.03.31,28117.11,28647.07,27488.04,28362.48,93411
2023.04.01,28362.67,28809.5,28177.92,28419.99,66290
2023.04.02,28419.89,28529.88,27823.75,28026.94,63493
2023.04.03,28026.98,28499.84,27387.19,27553.33,96335
2023.04.04,27553.15,28419.1,27152.69,28216.57,90862
2023.04.05,28216.65,28761.71,27768.64,28122.57,84423
2023.04.06,28122.6,28210.73,27674.21,27952.6,73130
2023.04.07,27952.59,28080.85,27742.18,27839.44,49729
2023.04.08,27839.44,28137.34,27829.84,27882.21,37235
2023.04.09,27882.22,28255.27,27761.06,28091.11,44474
2023.04.10,28091.11,29275.68,28087.83,29094.28,65466
2023.04.11,29094.31,30548.07,29064.68,30135.22,86175
2023.04.12,30135.19,30458.14,29609.7,29921.45,74627
2023.04.13,29921.36,30600.64,29762.15,30220.73,70561
2023.04.14,30220.73,31018.36,29930.66,30417.09,83430
2023.04.15,30417.1,30582.95,30175.32,30255.06,39181
2023.04.16,30255.05,30544.12,30090.42,30320.66,39286
2023.04.17,30320.69,30385.95,29206.9,29422.2,58308
2023.04.18,29422.2,30462.9,29071.13,30389.35,65254
2023.04.19,30401.84,30423.51,28911.24,29209.65,79781
2023.04.20,29209.68,29217.71,27971.62,28178.14,95006
2023.04.21,28178.14,28353.82,27158.01,27250.29,87721
2023.04.22,27249.36,27764,27092.83,27607.68,51621
2023.04.23,27607.67,27858.83,27286.55,27477.98,57763
2023.04.24,27478.01,27983.14,26915.74,27430.62,78565
2023.04.25,27430.63,28021.14,27162.07,27945.62,67914
2023.04.26,27945.53,30000.59,27188.13,28383.98,98943
2023.04.27,28388.89,29872.55,28055.73,29594.65,118872
2023.04.28,29594.56,29761.08,28857.43,29307.72,99348
2023.04.29,29307.78,29424.67,28988.02,29191.42,54342
2023.04.30,29194.04,29932.85,29057.09,29299.77,60758
2023.05.01,29299.76,29454.79,27634.02,27650.37,89929
2023.05.02,27649.49,28859.95,27641.53,28646.25,85958
2023.05.03,28646.29,28789.28,28066.47,28487.81,84826
2023.05.04,28487.85,29362.48,28487.43,28842.75,86084
2023.05.05,28842.72,29664.2,28716.19,29473.09,85801
2023.05.06,29467.16,29821.22,28321,28770.05,78493
2023.05.07,28770.1,29120.5,28612.92,28886.99,65673
2023.05.08,28886.84,28931.28,27234.93,27513.44,94140
2023.05.09,27509.56,27793.71,27321.48,27620.37,75712
2023.05.10,27620.38,28280.75,26659.3,27831.59,76452
2023.05.11,27832.26,27843.68,26674.27,26966.02,87179
2023.05.12,26966.02,27063.42,25764.59,26408.93,86218
2023.05.13,26408.93,27030.98,26408.93,26876.26,58244
2023.05.14,26876.72,27181.67,26544.64,26912.48,51455
2023.05.15,26912.49,27632.9,26683.91,27320.9,50062
2023.05.16,27322.9,27356.9,26815.5,26924.9,27234
2023.05.17,26919.9,27442.9,26510.9,27312.9,31175
2023.05.18,27312.9,27479.9,26317.9,26691.9,32266
2023.05.19,26690.9,27154.9,26598.9,26802.9,23934
2023.05.20,26798.9,27125.9,26795.9,26982.9,8039
2023.05.21,26982.9,27258.9,26737.9,26810.9,11395
2023.05.22,26809.9,27076.9,26482.9,26862.9,19731
2023.05.23,26862.9,27493.9,26765.9,27188.9,21865
2023.05.24,27186.9,27226.9,26042.9,26372.87,29351
2023.05.25,26374.87,26605.87,25832.87,26459.77,24007
2023.05.26,26454.85,26906.87,26299.69,26717.87,27079
2023.05.27,26716.87,26822.87,26510.87,26725.87,7253
2023.05.28,26726.87,27729.51,26701.87,27527.87,16687
2023.05.29,27532.87,28419.87,27495.87,27651.87,26489
2023.05.30,27647.87,28016.87,27516.87,27726.87,22409
2023.05.31,27728.87,27814.87,26811.87,27078.87,24965
2023.06.01,27080.87,27329.87,26581.87,26831.87,22328
2023.06.02,26830.87,27260.87,26460.87,27143.87,23631
2023.06.03,27140.87,27313.87,26988.87,27035.87,8153
2023.06.04,27037.87,27271.87,26882.87,27215.87,7363
2023.06.05,27208.87,27442.87,25342.87,25606.87,37789
2023.06.06,25604.87,27199.87,25309.87,26918.87,38220
2023.06.07,26920.87,27367.87,26203.87,26333.87,42550
2023.06.08,26334.87,26782.87,26095.87,26606.87,24362
2023.06.09,26608.87,26749.87,26231.87,26425.87,18794
2023.06.10,26426.87,26507.87,25314.87,25723.87,40659
2023.06.11,25724.87,26181.87,25603.87,26093.87,19292
2023.06.12,26094.87,26111.87,25583.87,25868.87,28567
2023.06.13,25864.87,26400.87,25690.87,25816.87,31698
2023.06.14,25817.87,26075.87,24781.87,24892.87,23845
2023.06.15,24896.87,25582.87,24765.87,25540.87,36342
2023.06.16,25539.87,26484.87,25132.87,26377.87,35867
2023.06.17,26381.87,26880.87,26153.87,26513.87,21857
2023.06.18,26513.87,26682.87,26325.87,26443.87,15654
2023.06.19,26444.87,27054.87,26213.87,26694.87,25708
2023.06.20,26696.87,28222.87,26621.87,28129.87,41048
2023.06.21,28132.87,30802.87,28043.87,29960.87,64115
2023.06.22,29958.87,30470.87,29482.87,30125.87,45259
2023.06.23,30121.87,31453.51,29774.87,30874.87,46811
2023.06.24,30874.87,30898.87,30210.01,30486.87,29184
2023.06.25,30483.87,31024.87,30241.87,30342.87,28233
2023.06.26,30346.87,30645.87,29887.87,30130.87,37204
2023.06.27,30131.87,30978.87,30070.87,30618.87,32723
2023.06.28,30617.87,30716.87,29791.87,30076.87,31333
2023.06.29,30073.87,30817.87,29994.87,30374.87,28672
2023.06.30,30368.87,31276.87,29482.87,30373.87,52591
2023.07.01,30369.87,30644.87,30294.87,30560.87,12805
2023.07.02,30561.87,30666.87,30142.87,30562.87,11424
2023.07.03,30562.87,31372.87,30407.87,31095.87,25293
2023.07.04,31098.87,31299.87,30583.87,30769.87,20113
2023.07.05,30770.87,30855.87,30166.87,30428.87,19392
2023.07.06,30429.87,31532.87,29847.87,30283.87,37410
2023.07.07,30285.87,30424.87,29666.87,30231.87,28586
2023.07.08,30233.87,30362.87,30009.87,30122.87,7466
2023.07.09,30126.87,30423.87,30071.87,30158.87,8028
2023.07.10,30152.87,31022.87,29912.87,30755.87,21672
2023.07.11,30749.87,30787.87,30135.87,30543.87,23183
2023.07.12,30547.87,30957.87,30168.87,30312.87,23785
2023.07.13,30310.87,31816.87,30221.87,31345.87,34023
2023.07.14,31347.87,31601.87,29862.87,30154.87,38308
2023.07.15,30150.87,30362.87,30109.87,30267.87,7670
2023.07.16,30263.87,30422.87,30032.87,30236.87,8855
2023.07.17,30240.87,30332.87,29613.51,29894.87,21526
2023.07.18,29889.87,30260.87,29393.51,29749.87,24681
2023.07.19,29749.87,30160.87,29720.87,29932.87,19745
2023.07.20,29929.87,30392.87,29485.01,29712.87,24292
2023.07.21,29710.87,30034.87,29690.87,29850.87,14164
2023.07.22,29852.87,29967.87,29766.87,29792.87,5643
2023.07.23,29790.87,30342.87,29585.87,30113.87,10653
2023.07.24,30111.87,30115.87,28833.87,29116.87,37107
2023.07.25,29118.87,29343.81,29015.87,29203.57,20057
2023.07.26,29203.6,29651.6,29068.87,29552.73,45745
2023.07.27,29547.63,29630.1,29051.96,29117.05,46708
2023.07.28,29117.05,29516.77,29098.03,29313.48,40470
2023.07.29,29313.48,29381.06,29223.02,29322.87,21103
2023.07.30,29322.71,29423.44,28994.31,29239.42,24621
2023.07.31,29239.41,29507.45,29083.95,29178.29,40924
2023.08.01,29178.33,29320.48,28542.15,29204.07,54943
2023.08.02,29204.07,30014.07,28894.33,29112.49,66237
2023.08.03,29112.68,29407.8,28938.52,29276.8,35670
2023.08.04,29270.8,29313.8,28762.8,28935.8,13408
2023.08.05,28934.8,29127.8,28925.8,29026.8,4402
2023.08.06,29028.8,29152.79,28961.3,29109.84,9429
2023.08.07,29108.34,29199.16,28671.43,29168.95,40066
2023.08.08,29168.95,29972.46,29106.68,29950.68,46283
2023.08.09,29950.77,30215.76,29346.02,29475.83,51177
2023.08.10,29476.18,29708.87,29306.18,29428.72,37461
2023.08.11,29428.77,29539.1,29211.47,29390.11,27360
2023.08.12,29390.17,29453.07,29344.23,29392.69,11968
2023.08.13,29392.4,29445.79,29299.43,29394.71,11571
2023.08.14,29395.46,29668.85,29069.64,29371.04,36320
2023.08.15,29370.94,29465.59,29044.67,29174.36,30618
2023.08.16,29174.3,29234.58,28793.83,28942.56,37870
2023.08.17,28944.27,28954.01,27493.38,27643.58,64272
2023.08.18,27644.72,27704.49,24720.13,26055.51,89300
2023.08.19,26056.36,26240.95,25771.4,26028.85,46016
2023.08.20,26025.87,26268.46,25935.41,26206.47,34692
2023.08.21,26206.52,26214.94,25784.98,26076.99,42708
2023.08.22,26077.2,26225.21,25688.68,25837.84,39778
2023.08.23,25837.45,26787.75,25284.34,26562.25,57150
2023.08.24,26562.24,26593.17,25823.23,26003.77,53312
2023.08.25,26003.86,26281.48,25751.9,26029.21,49932
2023.08.26,26029.31,26094.73,25958.45,26001.41,19505
2023.08.27,25999.38,26156.17,25940.37,26066.24,19847
2023.08.28,26066.32,26225.02,25837.28,25962.67,34917
2023.08.29,25962.71,28132.78,25889.13,27541.53,54265
2023.08.30,27543.84,27748.91,26972.7,27217.42,52155
2023.08.31,27217.43,27553.91,25886.14,25990.73,40505
2023.09.01,25993.26,26124.48,25296.26,25746.69,44866
2023.09.02,25743.66,25957.79,25703.21,25822.85,18585
2023.09.03,25822.45,26115.91,25771.1,26021.45,17044
2023.09.04,26022.9,26081.25,25694.34,25806.51,23240
2023.09.05,25812.62,25873.69,25532.11,25684.85,31344
2023.09.06,25687.58,26008.88,25364.67,25663.41,37223
2023.09.07,25663.44,26006.07,25596.36,25991.58,37356
2023.09.08,25990.94,26428.73,25640.2,25887.78,53449
2023.09.09,25892.44,25927.64,25779.59,25845.58,18721
2023.09.10,25845.51,25902,25560.97,25803.01,26025
2023.09.11,25802.87,26009.87,24893.36,25081.21,58496
2023.09.12,25078.13,26511.25,25059,26056.6,75586
2023.09.13,26056.6,26384.42,25746.92,26200.84,77228
2023.09.14,26201.68,26824.73,26118.47,26557.3,77036
2023.09.15,26557.3,26666.93,26208.73,26399.53,62476
2023.09.16,26399.65,26862.82,26399.35,26515.41,54640
2023.09.17,26513.56,26602.53,26411.63,26423.94,47346
2023.09.18,26423.94,27398.98,26372.43,26752.63,78634
2023.09.19,26752.58,27468.08,26659.26,27170.68,78821
2023.09.20,27170.68,27371.48,26823.43,27073.25,81148
2023.09.21,27073.17,27220.05,26358.05,26578.24,78190
2023.09.22,26578.25,26720.77,26456.88,26520.23,66181
2023.09.23,26520.23,26616.05,26472.02,26573.39,44987
2023.09.24,26573.39,26715.62,26339.11,26487.24,51191
2023.09.25,26487.11,26502.27,25973.72,26265.73,70253
2023.09.26,26265.67,26372.31,26067.73,26125.88,58802
2023.09.27,26126.08,26813.12,26077.99,26224.92,66658
2023.09.28,26225.03,27280.47,26215.11,27067.59,72574
2023.09.29,27067.7,27218.58,26670.86,26888.09,79527
2023.09.30,26888.09,27078.01,26846.34,27051.42,52769
2023.10.01,27051.42,27270.69,26934.61,27095.88,70597
2023.10.02,27095.97,28549.73,27078.68,27823.87,104903
2023.10.03,27822.58,27872.44,27155.65,27379.87,94168
2023.10.04,27379.87,27815.21,27194.96,27642.99,91212
2023.10.05,27633.48,28102.73,27342.78,27458.64,87011
2023.10.06,27458.64,28039.77,27163.72,27969.04,88237
2023.10.07,27969.04,28248.35,27918.82,28032.52,4113
